keyword,results
x-ray software,1400
Qt,1755
Concourse,2000
vb.net,3000
Flask,4426
Apache Spark,5000
Pyspark,5873
pandas,6000
objective c,6000
bioinformatics,6000
rabbitmq,6794
Rust,7000
python Django,7578
TensorFlow,10000
excel vba,10000
azure databricks,10000
Airflow,10000
wordpress,12000
Kotlin,12000
graphql,14000
redis,15000
macros,15000
golang,16000
Vue,16383
AWS Redshift,17000
image processing,18000
Swift,19000
PHP,21000
natural language processing,21000
EC2,21319
AWS lambda,22951
Snowflake,22971
SAS,25000
SEO,"28,000"
Perl,29000
AWS S3,30000
Deep learning,32000
Bash,32000
azure devops,32000
Ruby,35000
powershell,36000
Ansible,36000
mysql,39000
power bi,40000
mongodb/mongo,42000
Google Cloud Computing,42000
Terraform,43000
Kafka,43000
Node.js,46000
Angular,54196
data structures,57000
unknown,58000
Jenkins,59000
.Net,64000
data analysis python,65738
sql server,70000
Tableau,75000
postgresql/postgres,76000
Design Patterns,"77,002"
Unit testing,81000
docker,82000
micro-services,83000
CSS,"83,000"
C#,85000
Git,86000
computer vision,87000
algorithms,87000
kubernetes,91000
HTML,98000
C++,108000
API,113000
React,120444
R,123000
devops,123000
software test,126000
Oracle,127000
front end,136000
Machine Learning,139470
software quality,141000
azure,151000
Linux,157000
UX,158000
Javascript,165849
AWS,222410
Java,"224,000"
Python,257187
SQL,260000
C,297000
data analysis,372000
cloud,533000
